iot.id,name
6502a947692d9156bfda62fc,CM1-LS-23
6502a947692d9156bfda6304,CM1-LS-29
6502a948692d9156bfda630c,SH-BB-10
6502a949692d9156bfda6310,SH-BB-11
6502a94a692d9156bfda6314,SH-BB-12
6502a94b692d9156bfda6318,SH-BB-13
6502a94c692d9156bfda631c,SH-BB-14
6502a94c692d9156bfda6320,SH-BB-15
6502a954692d9156bfda6324,SH-BB-16
6502a955692d9156bfda6328,SH-BB-17
6502a955692d9156bfda632c,SH-BB-18
6502a955692d9156bfda6330,SH-BB-19
6502a956692d9156bfda6338,SH-BB-20
6502a95d692d9156bfda633c,SH-BB-21
6502a95d692d9156bfda6340,SH-BB-22
6502a95e692d9156bfda6344,SH-BB-2
6502a95e692d9156bfda6348,SH-BB-3
6502a95e692d9156bfda634c,SH-BB-4
6502a95f692d9156bfda6350,SH-BB-5
6502a95f692d9156bfda6354,SH-BB-6
6502a95f692d9156bfda6358,SH-BB-7
6502a95f692d9156bfda635c,SH-BB-8
6502a960692d9156bfda6360,SH-BB-9
6536a6efeab27343c8bb3aef,TF-DD-01
6536a6f1eab27343c8bb3af4,TF-RW-02
6536a6f3eab27343c8bb3af7,TF-PN-01
6536a6f54283b50ed0a46a6d,TF-PN-02
6536a6f64283b50ed0a46a70,TF-PN-03
6536a6f84283b50ed0a46a72,TF-KP-04
6536a6faeab27343c8bb3b02,TF-PT-01
6536a6fc1371ecd18b666972,TF-DS-05
6536a6fe1371ecd18b666978,TF-BP-02
6536a7001371ecd18b66697c,TF-BP-05
6536a7021371ecd18b666984,TF-PY-05
6536a7041371ecd18b66698a,TF-WT-02
6536a706eab27343c8bb3b11,MI-KR-01
6536a708eab27343c8bb3b15,MI-KR-02
6536a70aeab27343c8bb3b19,MI-KR-03
6536a75fe1ce67e276533c70,TF-DD-01
6536a761e1ce67e276533c72,TF-RW-02
6536a763e1ce67e276533c76,TF-PN-01
6536a764e1ce67e276533c79,TF-PN-02
6536a7664283b50ed0a46ac2,TF-PN-03
6536a7681371ecd18b6669ce,TF-KP-04
6536a76aeab27343c8bb3b39,TF-PT-01
6536a76c4283b50ed0a46ac5,TF-DS-05
6536a76e1371ecd18b6669d0,TF-BP-02
6536a76f4283b50ed0a46ac8,TF-BP-05
6536a771eab27343c8bb3b3d,TF-PY-05
6536a773e1ce67e276533c83,TF-WT-02
6536a7754283b50ed0a46acc,MI-KR-01
6536a777e1ce67e276533c87,MI-KR-02
6536a779e1ce67e276533c8b,MI-KR-03
6562c9fc48a83b04fd9e728f,SH-BB-10
6562c9fe48a83b04fd9e7293,SH-BB-11
6562ca0048a83b04fd9e7297,SH-BB-12
6562ca0248a83b04fd9e729b,SH-BB-13
6562ca0448a83b04fd9e729f,SH-BB-14
6562ca0648a83b04fd9e72a3,SH-BB-15
6562ca0848a83b04fd9e72a9,SH-BB-16
6562ca0a48a83b04fd9e72ad,SH-BB-17
6562ca0c48a83b04fd9e72b0,SH-BB-18
6562ca0e48a83b04fd9e72b4,SH-BB-19
6562ca1448a83b04fd9e72bc,SH-BB-20
6562ca1648a83b04fd9e72c0,SH-BB-21
6562ca1848a83b04fd9e72c4,SH-BB-22
6562ca1948a83b04fd9e72c8,SH-BB-2
6562ca1c48a83b04fd9e72cc,SH-BB-3
6562ca1d48a83b04fd9e72d2,SH-BB-4
6562ca2048a83b04fd9e72d6,SH-BB-5
6562ca2148a83b04fd9e72da,SH-BB-6
6562ca2348a83b04fd9e72de,SH-BB-7
6562ca26c69223e888ec1ca7,SH-BB-8
6562ca27c69223e888ec1cab,SH-BB-9
65961a4ca6075cd9bf36d8db,CM1-KW-015
65961a56a6075cd9bf36d94b,CM1-KW-015
65961bf9a6075cd9bf36ed37,CM1-MR-027
65961bfaa6075cd9bf36ed3b,CM1-MR-028
65961bfaa6075cd9bf36ed3f,CM1-MR-029
65961bfaa6075cd9bf36ed43,CM1-MR-027
65961bfaa6075cd9bf36ed47,CM1-MR-028
65961bfba6075cd9bf36ed4b,CM1-MR-029
65961c96a6075cd9bf36f4ef,CM-LB-02-02
65961c97a6075cd9bf36f4f3,CM-LB-02-03
65961c97a6075cd9bf36f4f7,CM-LB-02-04
65961c97a6075cd9bf36f4fb,CM-LB-02-02
65961c97a6075cd9bf36f4ff,CM-LB-02-03
65961c98a6075cd9bf36f503,CM-LB-02-04
65961c99a6075cd9bf36f50b,CM-LB-02-03
65961ca4a6075cd9bf36f597,CM1-PW-017
65961ca4a6075cd9bf36f59b,CM1-PW-018
65961ca4a6075cd9bf36f59f,CM1-PW-019
65961ca4a6075cd9bf36f5a3,CM1-PW-017
65961ca5a6075cd9bf36f5a7,CM1-PW-018
65961ca5a6075cd9bf36f5ab,CM1-PW-019
65961caea6075cd9bf36f633,CM1-PW-053
65961cafa6075cd9bf36f637,CM1-PW-054
65961cafa6075cd9bf36f63b,CM1-PW-055
65961cafa6075cd9bf36f63f,CM1-PW-053
65961cafa6075cd9bf36f643,CM1-PW-054
65961cb0a6075cd9bf36f647,CM1-PW-055
65961cb7a6075cd9bf36f6a3,CM1-PW-079
65961cb7a6075cd9bf36f6a7,CM1-PW-080
65961cb8a6075cd9bf36f6ab,CM1-PW-081
65961cb8a6075cd9bf36f6af,CM1-PW-079
65961cb8a6075cd9bf36f6b3,CM1-PW-080
65961cb8a6075cd9bf36f6b7,CM1-PW-081
65961cb9a6075cd9bf36f6bb,CM1-PW-082
65961cb9a6075cd9bf36f6bf,CM1-PW-080
65961cb9a6075cd9bf36f6c3,CM1-PW-081
65961cbaa6075cd9bf36f6c7,CM1-PW-082
65af6a67b097e09ad2bf82f4,CM4-PN-002
65af6a68b097e09ad2bf82f8,CM4-PN-003
65af6a69b097e09ad2bf82fc,CM4-PN-004
65af6a75b097e09ad2bf8320,AC-PT-02-B
65af6ac5b097e09ad2bf83c8,CM3-DS-006
65af6ac8b097e09ad2bf83cc,CM3-DS-008
65af6aca61f83a8dcaefc3b1,CM3-DS-010
65af6bf861f83a8dcaefc480,AC-RW-09-A
65af6bfbb097e09ad2bf86af,AC-RW-09-A
65af6c04b097e09ad2bf86be,CM1-SW-024
65af6c0861f83a8dcaefc494,CM1-SW-028
65af6c0eb097e09ad2bf86d4,CM1-SW-040
65af6e1db097e09ad2bf8a6e,CM1-PY-106
65af6e29b097e09ad2bf8a92,CM1-PY-115
65af6e2db097e09ad2bf8a9e,CM1-PY-118
65af6e33b097e09ad2bf8ab2,CM1-PY-137
65af6e4db097e09ad2bf8b02,CM3-PY-006
65af6e5bb097e09ad2bf8b2e,CM3-PY-018
65af6e5db097e09ad2bf8b36,CM3-PY-020
65af6e6361f83a8dcaefc783,CM3-PY-025
65af6e7961f83a8dcaefc7a6,CM3-PY-042
65af6e8a61f83a8dcaefc7bf,CM1-WL-008
65af6e8cb097e09ad2bf8b8d,CM1-WL-010
65af6e8d61f83a8dcaefc7c2,CM1-WL-012
65af6e9661f83a8dcaefc7cf,CM1-WL-019
65af6eae61f83a8dcaefc7f0,CM1-WL-039
65af6efa61f83a8dcaefc873,CM3-WL-057
65af6f1861f83a8dcaefc89e,CM4-WL-001
65af6f19b097e09ad2bf8c6b,CM4-WL-004
65af6f1ab097e09ad2bf8c6e,CM4-WL-005
65af6f48b097e09ad2bf8cb6,CM2-WT-005
65af6f4961f83a8dcaefc8ea,CM2-WT-006
65af6f4b61f83a8dcaefc8ed,CM2-WT-007
65af6f4cb097e09ad2bf8cbb,CM2-WT-005
65af6f4db097e09ad2bf8cbd,CM2-WT-006
65af6f4e61f83a8dcaefc8f3,CM2-WT-007
65af6fdc61f83a8dcaefc965,CM2-SL-044
65af6fdd61f83a8dcaefc969,CM2-SL-045
65af6fde61f83a8dcaefc96d,CM2-SL-046
65af6fdf61f83a8dcaefc971,CM2-SL-044
65af6fe161f83a8dcaefc975,CM2-SL-045
65af6fe261f83a8dcaefc979,CM2-SL-046
65af7068b097e09ad2bf8ef7,CM3-SL-054
65af706961f83a8dcaefcaa8,CM3-SL-055
65af706ab097e09ad2bf8efc,CM3-SL-054
65af706b61f83a8dcaefcaad,CM3-SL-055
65af70d961f83a8dcaefcb9a,CM3-YW-026
65af70da61f83a8dcaefcb9e,CM3-YW-027
65af70db61f83a8dcaefcba2,CM3-YW-026
65af70dc61f83a8dcaefcba6,CM3-YW-027
65af743eb097e09ad2bf9750,AC-PT-02-B
65af7c0e61f83a8dcaefd882,CM2-BP-057
65af7c0fb097e09ad2bf9d3d,CM2-BP-059
65af7c10b097e09ad2bf9d41,CM2-BP-057
65af7c1361f83a8dcaefd888,CM2-BP-059
65af83b461f83a8dcaefe725,CM1-LS-23
65af83ba61f83a8dcaefe733,CM1-LS-29
65f7fd12394128e8bd12d63e,CM1-SW-040
65f7fd20d98d0e327b83caa0,CM3-DS-006
65f7fd21394128e8bd12d645,CM3-DS-008
65f7fd23d98d0e327b83caa3,CM3-DS-010
65f7fd2f26c47fd3afef0a4c,CM1-SW-024
65f7fd3028fceb9acd5ce586,CM1-SW-028
65f7fd3a28fceb9acd5ce58d,CM1-PY-106
65f7fd3cd98d0e327b83caad,CM1-PY-115
65f7fd3d45f0724b23dd98ce,CM1-PY-118
65f7fd3f394128e8bd12d649,CM1-PY-137
65f7fd4028fceb9acd5ce590,CM3-PY-006
65f7fd4145f0724b23dd98d0,CM3-PY-018
65f7fd4328fceb9acd5ce593,CM3-PY-020
65f7fd44ece33c07b92dcaed,CM3-PY-025
65f7fd4528fceb9acd5ce596,CM3-PY-042
65f7fd47a865dee2988c22c1,CM1-WL-008
65f7fd49e8dd680a3ba3240e,CM1-WL-010
65f7fd4a45f0724b23dd98d3,CM1-WL-012
65f7fd4bece33c07b92dcaf0,CM1-WL-019
65f7fd4d45f0724b23dd98d5,CM1-WL-039
65f7fd4e45f0724b23dd98d8,CM3-WL-057
65f7fd5745f0724b23dd98de,CM4-PN-002
65f7fd593b06fa270174d3fa,CM4-PN-003
65f7fd5a9f81e705235ebd95,CM4-PN-004
65f7fd6828fceb9acd5ce5a0,CM4-WL-001
65f7fd69a865dee2988c22c5,CM4-WL-004
65f7fd6ae8dd680a3ba32419,CM4-WL-005
666a75639efb8d1af6cefd53,AC-NC-42-A
666a7606a81c7312ce4fad32,AC-NC-42-A
